feature,cohen_d,abs_cohen_d,rank_biserial,mannwhitney_u,p_value,direction,fake_mean,real_mean
mfcc_delta_8_std,1.16694,1.16694,-0.59317,38787714.0,0.0,FAKE>REAL,1.45968,1.16629
spectral_contrast_band4_std,1.09865,1.09865,-0.56341,38063273.0,0.0,FAKE>REAL,6.44931,4.69926
mfcc_delta_6_std,1.08673,1.08673,-0.5562,37887566.0,0.0,FAKE>REAL,1.85473,1.47476
mfcc_delta_5_std,1.05648,1.05648,-0.54043,37503645.0,0.0,FAKE>REAL,1.98972,1.59571
spectral_contrast_band4_mean,1.01018,1.01018,-0.50881,36733974.0,0.0,FAKE>REAL,21.46726,18.12417
spectral_contrast_band5_mean,1.00215,1.00215,-0.48466,36146006.0,0.0,FAKE>REAL,25.99256,21.1409
mfcc_delta_3_std,0.96653,0.96653,-0.49588,36419021.0,0.0,FAKE>REAL,3.12348,2.49733
mfcc_delta_7_std,0.95237,0.95237,-0.48383,36125581.0,0.0,FAKE>REAL,1.71911,1.38041
mfcc_8_std,0.93983,0.93983,-0.49472,36390931.0,0.0,FAKE>REAL,8.5719,7.19552
mfcc_delta_4_std,0.89099,0.89099,-0.43065,34830898.0,0.0,FAKE>REAL,2.68268,2.15664
mfcc_6_std,0.84314,0.84314,-0.42201,34620492.0,0.0,FAKE>REAL,11.07383,9.13187
mfcc_delta2_2_std,0.81738,0.81738,-0.42448,34680627.0,0.0,FAKE>REAL,1.67386,1.40118
spectral_contrast_band3_std,0.80799,0.80799,-0.39612,33990189.0,0.0,FAKE>REAL,5.81532,4.90263
mfcc_delta_2_std,0.78776,0.78776,-0.4023,34140732.0,0.0,FAKE>REAL,3.69986,3.09324
mfcc_delta_9_std,0.78756,0.78756,-0.37852,33561707.0,0.0,FAKE>REAL,1.36491,1.1536
spectral_contrast_band5_std,0.78257,0.78257,-0.4111,34355074.0,0.0,FAKE>REAL,7.45324,5.8484
mfcc_delta_12_std,0.76243,0.76243,-0.3702,33359329.0,0.0,FAKE>REAL,1.1143,0.95375
spectral_contrast_band2_std,0.76185,0.76185,-0.40396,34181155.0,0.0,FAKE>REAL,5.99754,5.33001
mfcc_delta_10_std,0.76147,0.76147,-0.3798,33592886.0,0.0,FAKE>REAL,1.19914,1.03668
mfcc_delta2_8_std,0.74692,0.74692,-0.38066,33613890.0,0.0,FAKE>REAL,0.74623,0.65108
f0_std,-0.74477,0.74477,0.40675,14443391.0,0.0,REAL>FAKE,54.79855,67.74701
spectral_contrast_band2_mean,0.7385,0.7385,-0.37891,33571328.0,0.0,FAKE>REAL,16.40487,14.90642
mfcc_delta_13_std,0.71743,0.71743,-0.35076,32886011.0,5.2861744390001615e-282,FAKE>REAL,1.05877,0.91304
mfcc_delta2_6_std,0.70848,0.70848,-0.35824,33068142.0,4.565818239128921e-294,FAKE>REAL,0.89019,0.77457
mfcc_3_std,0.7044,0.7044,-0.34614,32773431.0,1.1294557302716709e-274,FAKE>REAL,21.51893,18.16625
spectral_bandwidth_median,-0.70156,0.70156,0.38545,14961936.0,0.0,REAL>FAKE,1213.55086,1382.09523
rms_median,0.68782,0.68782,-0.46184,35590311.0,0.0,FAKE>REAL,0.14924,0.11073
mfcc_delta2_3_std,0.67902,0.67902,-0.32949,32368064.0,4.37170439278316e-249,FAKE>REAL,1.28252,1.10493
mfcc_delta2_5_std,0.66771,0.66771,-0.32823,32337481.0,3.311684685890838e-247,FAKE>REAL,0.94386,0.82603
mfcc_7_std,0.66384,0.66384,-0.32437,32243446.0,1.794039289312859e-241,FAKE>REAL,10.23973,8.76407
spectral_bandwidth_mean,-0.661,0.661,0.36489,15462457.0,5.290951548043152e-305,REAL>FAKE,1305.59287,1442.70294
mfcc_delta_11_std,0.65355,0.65355,-0.32471,32251774.0,5.607465019449306e-242,FAKE>REAL,1.19062,1.03903
mfcc_12_std,0.64091,0.64091,-0.31022,31899014.0,4.753849780896813e-221,FAKE>REAL,6.52643,5.73606
low_freq_energy_ratio,0.63945,0.63945,-0.33777,32569573.5,1.1974100724055932e-261,FAKE>REAL,0.96022,0.9136
high_freq_energy_ratio,-0.63945,0.63945,0.33777,16122912.0,1.1976713078182552e-261,REAL>FAKE,0.03978,0.0864
mfcc_delta2_7_std,0.63384,0.63384,-0.30905,31870497.0,2.1243744732782852e-219,FAKE>REAL,0.82805,0.7278
mfcc_delta2_4_std,0.62603,0.62603,-0.29373,31497575.0,2.1556985497653318e-198,FAKE>REAL,1.17058,1.012
mfcc_5_std,0.61581,0.61581,-0.29816,31605380.0,2.3469390530042245e-204,FAKE>REAL,11.98006,10.35708
mfcc_delta_1_std,0.61382,0.61382,-0.31231,31949886.0,5.221303479551949e-224,FAKE>REAL,6.46395,5.66325
band_energy_ratio_0_500hz,0.59936,0.59936,-0.31768,32080636.0,1.0494901547404669e-231,FAKE>REAL,0.66641,0.54973
band_energy_ratio_4000_8000hz,-0.58132,0.58132,0.33696,16142622.0,2.0932265443073994e-260,REAL>FAKE,0.0172,0.04991
mfcc_delta2_9_std,0.53965,0.53965,-0.23851,30153067.0,1.6810941145815857e-131,FAKE>REAL,0.69512,0.62667
rms_mean,0.53362,0.53362,-0.39841,34045956.0,0.0,FAKE>REAL,0.14867,0.12373
spectral_centroid_median,-0.52893,0.52893,0.34009,16066272.0,3.0995533217714905e-265,REAL>FAKE,1088.69648,1269.6995
rms_std,0.52689,0.52689,-0.29903,31626555.0,1.5444539287711545e-205,FAKE>REAL,0.09844,0.08601
mfcc_1_mean,0.5161,0.5161,-0.26218,30729395.0,1.767316722125072e-158,FAKE>REAL,65.71953,57.32121
mfcc_4_std,0.51375,0.51375,-0.2411,30216124.0,2.498956696384843e-134,FAKE>REAL,16.26404,14.25735
spectral_rolloff_median,-0.50683,0.50683,0.31573,16659448.0,6.4138947147931256e-229,REAL>FAKE,2201.57101,2617.25244
spectral_flatness_median,-0.50144,0.50144,0.55109,10929241.0,0.0,REAL>FAKE,0.00148,0.00428
spectral_contrast_band3_mean,0.50059,0.50059,-0.24583,30331255.0,1.4325167552702765e-139,FAKE>REAL,16.85888,15.80312
mfcc_12_mean,-0.47778,0.47778,0.22521,18863168.0,1.8411227698523458e-117,REAL>FAKE,-2.2401,-0.67731
spectral_rolloff_mean,-0.47191,0.47191,0.29479,17169226.0,8.337648279978164e-200,REAL>FAKE,2707.39238,3044.57273
band_energy_ratio_500_1000hz,-0.46445,0.46445,0.23313,18670441.0,1.0095128246600625e-125,REAL>FAKE,0.22487,0.2951
mfcc_5_mean,0.4439,0.4439,-0.2661,30824688.0,3.4797627834938355e-163,FAKE>REAL,2.10838,-0.98991
mfcc_10_std,0.43967,0.43967,-0.22196,29750196.0,3.7508715057102965e-114,FAKE>REAL,6.85025,6.31235
mfcc_9_std,0.43943,0.43943,-0.15703,28169297.0,4.506410606366929e-58,FAKE>REAL,8.06307,7.30672
mfcc_delta2_13_std,0.43298,0.43298,-0.17599,28631041.0,1.7788036162832955e-72,FAKE>REAL,0.5649,0.52063
spectral_contrast_band1_mean,0.42679,0.42679,-0.23946,30176269.0,1.5439121923999873e-132,FAKE>REAL,12.38832,11.38698
mfcc_delta2_10_std,0.41181,0.41181,-0.19115,29000069.0,3.687639005252071e-85,FAKE>REAL,0.6389,0.59359
spectral_centroid_mean,-0.40711,0.40711,0.24323,18424619.0,1.1341265988613918e-136,REAL>FAKE,1541.25329,1725.73204
mfcc_delta2_12_std,0.40691,0.40691,-0.17133,28517543.0,8.742716737528709e-69,FAKE>REAL,0.58801,0.54509
mfcc_13_std,0.40345,0.40345,-0.20148,29251524.0,2.1264328230528414e-94,FAKE>REAL,6.07057,5.5749
mfcc_11_std,0.39946,0.39946,-0.2084,29419963.0,7.382904857769538e-101,FAKE>REAL,6.96142,6.37511
mfcc_6_mean,0.38561,0.38561,-0.22184,29747128.0,5.028989145450954e-114,FAKE>REAL,-3.39427,-5.96575
mfcc_delta2_1_std,0.37995,0.37995,-0.17407,28584236.0,6.086823284384068e-71,FAKE>REAL,2.50453,2.31318
mfcc_3_mean,0.37894,0.37894,-0.2211,29729104.0,2.806581196640584e-113,FAKE>REAL,20.79107,17.27582
spectral_flatness_std,0.37303,0.37303,-0.0385,25283594.0,8.18834453315442e-05,FAKE>REAL,0.05947,0.04523
mfcc_1_std,0.35486,0.35486,-0.17514,28610311.0,8.545181735525504e-72,FAKE>REAL,41.97486,38.91773
mfcc_delta2_11_std,0.35344,0.35344,-0.15932,28225119.0,9.979103682006982e-60,FAKE>REAL,0.61707,0.57734
band_energy_ratio_2000_4000hz,-0.34945,0.34945,0.22035,18981659.0,1.5955088312635215e-112,REAL>FAKE,0.02258,0.03648
mfcc_delta2_1_mean,-0.33736,0.33736,0.19399,19623218.0,1.1817128375910512e-87,REAL>FAKE,-0.04875,-0.02345
low_energy_ratio,0.32927,0.32927,-0.14308,27829630.5,1.5732289738549304e-48,FAKE>REAL,0.29636,0.26938
mfcc_8_mean,-0.32346,0.32346,0.18549,19830239.0,2.6641520601408465e-80,REAL>FAKE,-3.34906,-2.01194
spectral_contrast_band0_mean,-0.31104,0.31104,0.18504,19841115.0,6.3503001382775456e-80,REAL>FAKE,15.24436,16.3452
spectral_bandwidth_std,0.29547,0.29547,-0.12816,27466507.0,2.8264795618646328e-39,FAKE>REAL,475.3718,450.04285
mfcc_delta_5_mean,-0.28876,0.28876,0.16715,20276867.0,1.4888958352756854e-65,REAL>FAKE,-0.01573,0.00392
mfcc_9_mean,-0.28817,0.28817,0.12171,21383119.0,1.376584717874146e-35,REAL>FAKE,-4.03985,-2.58737
rms_range,0.27663,0.27663,-0.1497,27990801.0,6.099097842928424e-53,FAKE>REAL,0.37882,0.35557
mfcc_11_mean,-0.27403,0.27403,0.13965,20946306.0,2.6456975112295334e-46,REAL>FAKE,-2.67348,-1.54774
spectral_contrast_band1_std,0.26555,0.26555,-0.14285,27824192.0,2.2668661218309767e-48,FAKE>REAL,5.16326,4.90684
spectral_contrast_band6_std,-0.23754,0.23754,0.11951,21436672.0,2.2516392701264785e-34,REAL>FAKE,6.94428,7.36597
mfcc_delta2_12_mean,0.21824,0.21824,-0.1178,27214239.0,1.9037968950743848e-33,FAKE>REAL,0.00465,0.00073
mfcc_delta2_6_mean,-0.20827,0.20827,0.12213,21372833.0,8.001744957018474e-36,REAL>FAKE,0.00418,0.0098
mfcc_delta2_13_mean,-0.20714,0.20714,0.10618,21761226.0,1.740654434410971e-27,REAL>FAKE,-0.00027,0.00369
mfcc_2_std,0.19984,0.19984,-0.11385,27117996.0,2.3736949376563568e-31,FAKE>REAL,23.07891,21.85665
mfcc_4_mean,0.19763,0.19763,-0.12887,27483703.0,1.0871498614326707e-39,FAKE>REAL,-2.69491,-4.52125
mfcc_delta2_7_mean,0.19528,0.19528,-0.09572,26676778.0,1.2056510877701473e-22,FAKE>REAL,0.01033,0.00534
spectral_rolloff_std,0.19397,0.19397,-0.07581,26191904.5,8.79219661433627e-15,FAKE>REAL,1845.10918,1770.28906
spectral_contrast_band6_mean,-0.18365,0.18365,-0.06936,26034895.0,1.2856676146295932e-12,REAL>FAKE,26.35983,27.50759
spectral_contrast_band0_std,0.1524,0.1524,-0.05996,25805961.0,8.578060537327459e-10,FAKE>REAL,6.30669,6.11368
zcr_mean,-0.13998,0.13998,0.07329,22561897.5,6.482646670850181e-14,REAL>FAKE,0.13953,0.14731
mfcc_13_mean,0.13064,0.13064,-0.08713,26467604.0,4.917214469992988e-19,FAKE>REAL,-0.93071,-1.58789
mfcc_delta_10_mean,0.10505,0.10505,-0.06386,25900903.0,6.455248504925798e-11,FAKE>REAL,0.00501,0.001
f0_range,-0.10363,0.10363,0.16643,20294319.0,5.225873735143421e-65,REAL>FAKE,320.4464,324.02106
mfcc_delta_3_mean,0.10306,0.10306,-0.07075,26068746.0,4.550612735340111e-13,FAKE>REAL,0.00719,-0.00536
mfcc_2_mean,-0.10082,0.10082,0.06626,22733122.0,1.214751108952209e-11,REAL>FAKE,4.82544,5.90287
mfcc_7_mean,-0.09923,0.09923,0.00974,24109200.0,0.31921820164568604,REAL>FAKE,-4.32849,-3.74845
f0_median,0.0913,0.0913,-0.05389,25658329.0,3.517998477380564e-08,FAKE>REAL,172.43658,167.96237
mfcc_delta_1_mean,0.08779,0.08779,-0.04339,25402513.0,9.057703901799602e-06,FAKE>REAL,0.01473,-0.00698
mfcc_delta_2_mean,0.08719,0.08719,-0.04486,25438404.0,4.446440826119716e-06,FAKE>REAL,0.02135,0.00923
mfcc_delta_12_mean,0.08663,0.08663,-0.05031,25570993.0,2.6540374806809263e-07,FAKE>REAL,0.00505,0.00204
mfcc_delta2_2_mean,0.08528,0.08528,-0.03914,25299125.0,6.225875158924494e-05,FAKE>REAL,0.01626,0.01188
zcr_std,-0.08428,0.08428,0.05585,22986393.0,1.1023232060687765e-08,REAL>FAKE,0.15086,0.15602
mfcc_delta2_9_mean,0.08362,0.08362,-0.03628,25229445.0,0.00020621254359529375,FAKE>REAL,0.00641,0.00459
mfcc_delta2_5_mean,-0.08108,0.08108,0.04262,23308647.0,1.3003386226570573e-05,REAL>FAKE,-0.00011,0.00227
voiced_ratio,-0.07246,0.07246,0.10693,21742913.5,3.996285977743437e-28,REAL>FAKE,0.9565,0.96126
mfcc_delta_8_mean,-0.07219,0.07219,0.0435,23287193.0,8.579060869887991e-06,REAL>FAKE,-0.00067,0.00263
mfcc_delta_6_mean,-0.06591,0.06591,0.03115,23587812.0,0.0014376854811505098,REAL>FAKE,-0.00704,-0.00307
zcr_median,-0.06197,0.06197,0.05796,22935237.0,3.0110965965361843e-09,REAL>FAKE,0.07712,0.07904
mfcc_delta_9_mean,-0.05307,0.05307,0.03347,23531281.0,0.0006158780865214381,REAL>FAKE,0.00115,0.00351
mfcc_delta2_11_mean,0.04889,0.04889,-0.03646,25234017.0,0.0001911050905580782,FAKE>REAL,0.00433,0.00336
spectral_flatness_mean,0.04546,0.04546,0.12447,21315864.0,3.8336488487112516e-37,FAKE>REAL,0.02562,0.02459
mfcc_delta2_3_mean,-0.04318,0.04318,0.00293,24274813.0,0.76406442818914,REAL>FAKE,-0.026,-0.0242
mfcc_delta_7_mean,0.04234,0.04234,-0.00949,24577199.0,0.33179925276507993,FAKE>REAL,0.00578,0.00348
mfcc_delta_11_mean,-0.03587,0.03587,0.01494,23982512.0,0.1264087880127396,REAL>FAKE,0.00266,0.00402
mfcc_delta2_8_mean,-0.03178,0.03178,0.01401,24005089.0,0.15170135055324852,REAL>FAKE,0.00118,0.00186
mfcc_delta_13_mean,-0.03062,0.03062,0.01398,24005882.0,0.15265516373652066,REAL>FAKE,0.00351,0.00451
mfcc_10_mean,0.02343,0.02343,-0.03015,25080250.0,0.0020399520032452303,FAKE>REAL,-2.78233,-2.85444
mfcc_delta2_10_mean,-0.0174,0.0174,0.00624,24194299.0,0.5231654894384832,REAL>FAKE,0.00295,0.00328
spectral_centroid_std,-0.01632,0.01632,0.01347,24018397.0,0.16831860282926803,REAL>FAKE,1180.5672,1186.92254
mfcc_delta2_4_mean,0.00835,0.00835,0.01979,23864429.0,0.042907280931759224,FAKE>REAL,0.01707,0.01676
mfcc_delta_4_mean,-0.00322,0.00322,-0.00188,24392124.0,0.8471176211461422,REAL>FAKE,0.02218,0.02247
band_energy_ratio_1000_2000hz,0.00289,0.00289,-0.04345,25404143.5,8.773766752790907e-06,FAKE>REAL,0.06895,0.06877
f0_mean,0.00206,0.00206,0.00364,24257708.0,0.7098747926995077,FAKE>REAL,172.83852,172.7533
