feature_name,n_samples,n_nan_inf,n_unique,n_zero,min,max,mean,std,median,variance
band_energy_ratio_0_500hz,13956,0,13944,0,0.011432945728302002,0.9999477863311768,0.6080675474590923,0.20322475761922923,0.624914675951004,0.04130030210939447
band_energy_ratio_1000_2000hz,13956,0,13954,0,1.332522151642479e-05,0.7519426345825195,0.06886039987298113,0.06060140201863734,0.05271332152187824,0.003672529926624502
band_energy_ratio_2000_4000hz,13956,0,13954,0,7.119479050743394e-06,0.7718063592910767,0.02953050133946493,0.04038290945324567,0.01901779044419527,0.0016307793759090389
band_energy_ratio_4000_8000hz,13956,0,13955,0,5.903934834350366e-07,0.945121169090271,0.033557277663375885,0.05860572707776893,0.010472614783793688,0.003434631246313938
band_energy_ratio_500_1000hz,13956,0,13949,0,2.6822506697499193e-05,0.8955432772636414,0.25998405054189705,0.1552510833745239,0.24297362565994263,0.02410289888896337
f0_mean,13956,0,13950,0,61.023120815518226,400.0,172.79590885507022,41.38830695739729,177.18837454057194,1712.991952799741
f0_median,13956,0,13936,0,60.372528902452885,400.0,170.19947350056427,49.05598676117822,173.77084293620908,2406.4898371128925
f0_range,13956,0,13949,8,0.0,339.9624704367555,322.2337259998104,34.54159932920573,338.92968265042873,1193.122084219386
f0_std,13956,0,13949,8,0.0,151.6142957982617,61.27277963293223,18.552093731089222,59.62351544389409,344.18018180712
high_freq_energy_ratio,13956,0,13954,0,1.211621656693751e-05,0.9678390026092529,0.06308779799458532,0.0765358805124881,0.038018327206373215,0.005857741005821855
low_energy_ratio,13956,0,123,285,0.0,0.4940239043824701,0.28286966778914724,0.08301484007215951,0.2908366533864542,0.00689146367220622
low_freq_energy_ratio,13956,0,13887,0,0.0321609191596508,0.9999879002571106,0.9369122019250081,0.07653588051455239,0.9619816839694977,0.00585774100613784
mfcc_10_mean,13956,0,13956,0,-19.87862287099618,16.130862733757354,-2.8183850396411545,3.0774963257230343,-2.8697319744355174,9.470983634838777
mfcc_10_std,13956,0,13956,0,1.5806315450928383,13.322667381945003,6.581298757201559,1.2526228619495885,6.451867053899658,1.5690640342787776
mfcc_11_mean,13956,0,13956,0,-13.720738694012402,15.852819311666298,-2.1106110945117362,4.14642706682121,-2.2733486279310933,17.192857420467544
mfcc_11_std,13956,0,13956,0,1.5794870178048215,13.414269436787897,6.66826633592897,1.4967561728748413,6.535462011909479,2.240279041038942
mfcc_12_mean,13956,0,13956,0,-13.61513487449977,15.549521798631584,-1.458707769186752,3.3629717196991127,-0.9049415259484751,11.309578787496008
mfcc_12_std,13956,0,13956,0,1.5822667201478726,12.308461075930227,6.131242305809617,1.2949686486016236,5.914259714962977,1.6769438008611153
mfcc_13_mean,13956,0,13956,0,-13.896129596399597,15.224004340836727,-1.2592980048593734,5.041164212494064,-1.4199211272704173,25.413336617330902
mfcc_13_std,13956,0,13956,0,1.568828509993367,14.695073052155328,5.822736677565806,1.2533442828210208,5.658835974811449,1.5708718912801392
mfcc_1_mean,13956,0,13956,0,-12.44317279738259,123.83694022205246,61.52037238643351,16.805812379774974,60.03984705444826,282.43532974419776
mfcc_1_std,13956,0,13956,0,3.002132000322837,76.05678386932928,40.44629707054739,8.74958814102215,40.76379600294068,76.55529263751545
mfcc_2_mean,13956,0,13956,0,-48.69041967866905,39.48819102863391,5.364153496484164,10.70054121607896,6.088055156082271,114.50158231700459
mfcc_2_std,13956,0,13956,0,0.5946482366378901,44.75810156642031,22.467778584190473,6.146699870794636,21.99952887917263,37.7819193016268
mfcc_3_mean,13956,0,13956,0,-14.143325744872074,60.67498692288342,19.0334452208858,9.441683556392018,19.300765428469475,89.14538837904342
mfcc_3_std,13956,0,13956,0,0.5885470705404711,46.53815531712945,19.842590341942692,5.046197997052685,19.31078268507253,25.464114225458527
mfcc_4_mean,13956,0,13956,0,-34.74846432693451,24.16615471564441,-3.608081766001814,9.286189067034108,-3.810750369739485,86.23330738870379
mfcc_4_std,13956,0,13956,0,1.0807731931341542,34.81034657706322,15.260692770279357,4.032777573026386,14.854854089738145,16.263294953504587
mfcc_5_mean,13956,0,13956,0,-21.60933434440795,27.13706446596351,0.5592374296497877,7.149631544229023,1.6277724815554828,51.117231218234686
mfcc_5_std,13956,0,13956,0,1.2010075414897656,28.10396997804587,11.168571249740861,2.757644961982289,10.693062414204828,7.604605736346299
mfcc_6_mean,13956,0,13956,0,-26.83221445805523,21.334577446439827,-4.680012037519379,6.791364866888836,-4.645158202153635,46.122636755212014
mfcc_6_std,13956,0,13956,0,1.392356813582673,24.177971021281728,10.102848695373329,2.4995624787370083,9.6225427412104,6.247812585109897
mfcc_7_mean,13956,0,13956,0,-23.290405779780144,21.370858060886185,-4.038469592994184,5.852925860880532,-4.177312561997261,34.256741132964116
mfcc_7_std,13956,0,13956,0,1.4588293102853953,21.445776491165823,9.50189872352955,2.3421705128344392,9.203195547603588,5.485762711191141
mfcc_8_mean,13956,0,13956,0,-21.661062706039246,16.617248836266565,-2.6804998529842226,4.187579180055808,-2.528238552262583,17.535819389236874
mfcc_8_std,13956,0,13956,0,1.5340695377172087,15.712134918458153,7.883707377988605,1.618143474018675,7.668792619326492,2.6183883025092265
mfcc_9_mean,13956,0,13956,0,-20.37392659560291,18.439059113245087,-3.3136138975484286,5.092458559942116,-3.8258586282511633,25.933134184727734
mfcc_9_std,13956,0,13956,0,1.5536469065767722,17.413530897801763,7.684892734627467,1.7622379304010998,7.370861683912043,3.1054825233443517
mfcc_delta2_10_mean,13956,0,13956,0,-0.07954959669688427,0.09463980600453052,0.0031140934653091663,0.01877154157789035,0.0032901113989217525,0.0003523707732104661
mfcc_delta2_10_std,13956,0,13956,0,0.20213754520684193,1.1774226913539358,0.6162467886647675,0.11234811674620442,0.6057678291150063,0.012622099336418778
mfcc_delta2_11_mean,13956,0,13956,0,-0.07331537295400027,0.08804420068854488,0.003843927075040551,0.01968846313544935,0.003256631045290584,0.00038763558063594807
mfcc_delta2_11_std,13956,0,13956,0,0.2019047347830744,1.140332872381204,0.5972063311974805,0.11415902870609539,0.5866745834059579,0.013032283835119111
mfcc_delta2_12_mean,13956,0,13956,0,-0.07482301805398438,0.10557397416388371,0.0026854689208730925,0.018068216074132847,0.0027071376235432557,0.0003264604321015526
mfcc_delta2_12_std,13956,0,13956,0,0.20215571651941064,1.0838232839802127,0.5665459977287461,0.1076360277137491,0.5529091774952533,0.011585514461994963
mfcc_delta2_13_mean,13956,0,13956,0,-0.08911678811397952,0.10394133895309085,0.0017138655577813096,0.01921104512164529,0.0013189609733643126,0.0003690642546658913
mfcc_delta2_13_std,13956,0,13956,0,0.20036703651761278,1.0695683853688298,0.5427649744150664,0.1046116970727362,0.5273195147674443,0.010943607164437923
mfcc_delta2_1_mean,13956,0,13956,0,-0.3504137044097204,0.3354293540773164,-0.03609860614773499,0.07603794376969003,-0.03654091596379375,0.005781768892722542
mfcc_delta2_1_std,13956,0,13956,0,0.36654787821102364,4.3002544387187225,2.4088561727835054,0.5126322429484134,2.4370653866750454,0.26279181651032113
mfcc_delta2_2_mean,13956,0,13956,0,-0.2135555212862745,0.24068435078739112,0.014070107538737917,0.0514725414262593,0.013624775259958699,0.00264942252087798
mfcc_delta2_2_std,13956,0,13956,0,0.07869310202036688,3.3623642870924617,1.5375197577857627,0.3603910725510505,1.5241730763571562,0.12988172517449656
mfcc_delta2_3_mean,13956,0,13956,0,-0.29380299107972124,0.1645627413390286,-0.025098947228765312,0.04166845838709303,-0.022484836128062152,0.0017362604243569035
mfcc_delta2_3_std,13956,0,13956,0,0.07790378979016262,2.644379251946555,1.1937275775387424,0.2762060629913766,1.1706176654379383,0.07628978923319632
mfcc_delta2_4_mean,13956,0,13956,0,-0.10266694205625732,0.23454298907130855,0.016918729743478775,0.03704089962602502,0.014110000018379188,0.0013720282451052605
mfcc_delta2_4_std,13956,0,13956,0,0.13981798455896516,2.561521884014479,1.0912906713469792,0.2654294808884834,1.070558536586345,0.07045280932472976
mfcc_delta2_5_mean,13956,0,13956,0,-0.138097839450382,0.15198433148606025,0.0010774713965678267,0.029390350213391963,0.0008128102823806207,0.000863792685665829
mfcc_delta2_5_std,13956,0,13956,0,0.1548670433313515,1.8268138094397703,0.8849431047058905,0.186044783111441,0.8681328516335501,0.03461266132298312
mfcc_delta2_6_mean,13956,0,13956,0,-0.13255576842584924,0.13907327732897784,0.00699104647295905,0.02716230240952009,0.006959347612552893,0.0007377906721862209
mfcc_delta2_6_std,13956,0,13956,0,0.17881582752208955,1.6531008159171012,0.8323763752856985,0.173130327481533,0.8189298462788459,0.029974110293862863
mfcc_delta2_7_mean,13956,0,13956,0,-0.1051323407429801,0.1362382796225676,0.007836623343878952,0.025654223065529794,0.006469903034213707,0.0006581391610959609
mfcc_delta2_7_std,13956,0,13956,0,0.1870922907016377,1.695670890746984,0.7779251558758853,0.1659245204067969,0.7578092172202691,0.027530946472225554
mfcc_delta2_8_mean,13956,0,13956,0,-0.13003676487281324,0.11025773005493253,0.0015172343464799594,0.02144496849065832,0.0016587279472829158,0.00045988667356532825
mfcc_delta2_8_std,13956,0,13956,0,0.19645759554404266,1.3919673459290363,0.698655962912187,0.135988323280238,0.6822369432005241,0.01849282406857052
mfcc_delta2_9_mean,13956,0,13956,0,-0.0908782503816236,0.1213308484107998,0.005497366009929613,0.021822586798371887,0.0044178114870036264,0.00047622529457247496
mfcc_delta2_9_std,13956,0,13956,0,0.19883792766051542,1.2786156180193424,0.6608956932219008,0.13137220563621155,0.6423324444203851,0.01725865641372305
mfcc_delta_10_mean,13956,0,13956,0,-0.17232440129088042,0.17615554730576719,0.0030036800438616763,0.03829303973065728,0.0031541655080363274,0.001466356891813697
mfcc_delta_10_std,13956,0,13956,0,0.30414894164599077,2.327999398586195,1.1179071670932974,0.22828513301974593,1.0929938512416308,0.05211410195784309
mfcc_delta_11_mean,13956,0,13956,0,-0.1862390495018581,0.1752325044221345,0.00334312057651229,0.0379819480562042,0.002952849075932842,0.0014426283781441944
mfcc_delta_11_std,13956,0,13956,0,0.30392105456796054,2.2068455204293147,1.1148239002670237,0.2440136616834645,1.0868618664175105,0.05954266708817227
mfcc_delta_12_mean,13956,0,13956,0,-0.19787797654920491,0.16462353873994215,0.003545381408087499,0.034754855365962595,0.003617909612921178,0.001207899971508979
mfcc_delta_12_std,13956,0,13956,0,0.3044461215385873,2.0667605379096865,1.0340242093331353,0.2253583589021791,0.9988204161531168,0.05078638992708336
mfcc_delta_13_mean,13956,0,13956,0,-0.15490328285757793,0.16116088577564733,0.004010645050528522,0.032819782601670934,0.003682698418021729,0.0010771381300209422
mfcc_delta_13_std,13956,0,13956,0,0.3018534184638848,2.0470802203041276,0.9859038174886868,0.21581177800077866,0.9535853171950426,0.04657472352385737
mfcc_delta_1_mean,13956,0,13956,0,-0.9041110312796209,1.0131734233976628,0.0038739137572167464,0.2475789595745964,0.0068038578286203025,0.06129534122403965
mfcc_delta_1_std,13956,0,13956,0,0.503267609140121,10.8571560690832,6.063601839965806,1.3644925882388963,6.124137220729439,1.861840023358882
mfcc_delta_2_mean,13956,0,13956,0,-0.48093122167260466,0.6150487535280654,0.015287222801014157,0.13917446398187713,0.00940443965860557,0.019369531424642816
mfcc_delta_2_std,13956,0,13956,0,0.1140791222377023,6.754720543723638,3.3965516940949914,0.8276472321080062,3.3684540121735074,0.6849999408160439
mfcc_delta_3_mean,13956,0,13956,0,-0.5409136627656055,0.5137706721160724,0.0009163169474806987,0.1219431036820819,0.002081893136784197,0.014870120535618977
mfcc_delta_3_std,13956,0,13956,0,0.11290115632831668,6.8099046008012465,2.8104045371257764,0.7195138383364672,2.730313335150396,0.5177001635576759
mfcc_delta_4_mean,13956,0,13956,0,-0.438833920337052,0.38273512621770106,0.022322682279376366,0.08947238813626163,0.02011236126337059,0.008005308238805851
mfcc_delta_4_std,13956,0,13956,0,0.20800628391717094,5.398073241131655,2.419663825262784,0.6463344866379291,2.3456718250655673,0.4177482686175154
mfcc_delta_5_mean,13956,0,13956,0,-0.28867212412841764,0.2908997454131356,-0.005902407224218131,0.0687549428240933,-0.005255590563554658,0.00472724216274434
mfcc_delta_5_std,13956,0,13956,0,0.23115693538142232,3.7989565499059608,1.792711109938627,0.4217834711209748,1.7325432425781802,0.17790129651085818
mfcc_delta_6_mean,13956,0,13956,0,-0.30781456033513227,0.2531755050807538,-0.005054738755626901,0.06022897720371653,-0.004585327146680603,0.0036275296950058055
mfcc_delta_6_std,13956,0,13956,0,0.26797008886547363,3.722618818128258,1.664747400984066,0.3979226586596817,1.6132432497429745,0.15834244227478955
mfcc_delta_7_mean,13956,0,13956,0,-0.19706271706609077,0.28637570176325533,0.004630443660875276,0.05451532737913684,0.0031783888132132375,0.002971920919254467
mfcc_delta_7_std,13956,0,13956,0,0.2807500142221669,3.59844021102065,1.5497583250862423,0.39390336825289285,1.4816406144697871,0.1551598635209741
mfcc_delta_8_mean,13956,0,13956,0,-0.18089912794678809,0.22873690895053495,0.0009793932507790582,0.04573947017112285,0.0008185977038307731,0.002092099131535037
mfcc_delta_8_std,13956,0,13956,0,0.2952113082174439,2.669795667360528,1.3129860237684512,0.29108283020797354,1.2694548924168556,0.08472921404188397
mfcc_delta_9_mean,13956,0,13956,0,-0.16045255149414103,0.20529395279537635,0.0023274486818260667,0.044407859085602276,0.002916011164350754,0.0019720579485667084
mfcc_delta_9_std,13956,0,13956,0,0.29896905217469993,2.7238624803903084,1.259255541551427,0.2883648822504071,1.2106326305326547,0.08315430531529115
rms_mean,13956,0,13956,0,0.015467012135102785,0.9965949426609206,0.13620319512823637,0.048377086178542306,0.13001957665358485,0.002340342467126109
rms_median,13956,0,13952,0,0.0028710667975246906,0.9999963045120239,0.1299821527587341,0.05921376972947399,0.12273489311337471,0.00350627052557517
rms_range,13956,0,13955,0,0.017936017364263535,0.976885799318552,0.3671957152195,0.08481981760144505,0.36251077277120203,0.0071944014579424075
rms_std,13956,0,13956,0,0.0019836573805712917,0.32177803221512113,0.09222515029909514,0.024397911467750978,0.09059698134096845,0.0005952580839882147
spectral_bandwidth_mean,13956,0,13956,0,70.94752681335471,2647.1765365656324,1374.14790738813,218.46472274845016,1393.2258390796324,47726.83508555719
spectral_bandwidth_median,13956,0,13956,0,44.37862852524289,2777.36338235801,1297.8230433358287,254.59498950536127,1311.4418272074586,64818.60868123502
spectral_bandwidth_std,13956,0,13956,0,47.1013791881219,783.3183240076066,462.70732801117606,86.65533782078079,464.44149676143155,7509.147572833642
spectral_centroid_mean,13956,0,13956,0,24.624059769722788,3800.984158915384,1633.4926670106022,462.4395615647571,1594.9773558838278,213850.3481002048
spectral_centroid_median,13956,0,13956,0,10.745415207907616,4211.3314531998185,1179.1979902987505,353.9728933854786,1136.6145476208249,125296.80925168739
spectral_centroid_std,13956,0,13956,0,70.7933050368475,2516.32438889821,1183.7448700596397,389.3350878543312,1180.150773178149,151581.8106345398
spectral_contrast_band0_mean,13956,0,13956,0,7.091789445235637,65.99213615039201,15.794784010480706,3.581743242805629,15.662560423035224,12.828884657383782
spectral_contrast_band0_std,13956,0,13956,0,1.47670104161974,10.652733146480406,6.2101861122601525,1.270138981381252,6.160482361859982,1.6132530320242042
spectral_contrast_band1_mean,13956,0,13956,0,5.134343674901676,19.787975521450225,11.887648904035213,2.3990711240694202,12.036945364840847,5.755542258343712
spectral_contrast_band1_std,13956,0,13956,0,1.5684477124266,8.081500711088685,5.035050216222802,0.9740874499803022,5.121942410914204,0.9488463602091277
spectral_contrast_band2_mean,13956,0,13956,0,8.2443606271814,24.643715640177177,15.655645288908985,2.1629527828953123,15.651237017842906,4.678364741034575
spectral_contrast_band2_std,13956,0,13956,0,2.627601635706213,9.547321925216652,5.663770861951502,0.9376209076299408,5.657800322247434,0.8791329664247939
spectral_contrast_band3_mean,13956,0,13956,0,10.512306909318596,25.698591149497574,16.330999788414317,2.1740791131383914,16.217086952205904,4.726619990184614
spectral_contrast_band3_std,13956,0,13956,0,2.561893741759938,12.14888649460598,5.358974447790465,1.2182758287162645,5.163663818538819,1.4841959948343009
spectral_contrast_band4_mean,13956,0,13956,0,12.328721807738138,35.537955936405325,19.79571551033762,3.7075874629654977,18.953551887546638,13.746204795538937
spectral_contrast_band4_std,13956,0,13956,0,2.5859646473997455,13.338816145125636,5.574285207721579,1.8174326065161546,5.0502676596206655,3.3030612792281038
spectral_contrast_band5_mean,13956,0,13956,0,12.788400351913683,40.20715556022099,23.56672897987715,5.4150044985749375,22.95337978296844,29.322273719586807
spectral_contrast_band5_std,13956,0,13956,0,1.7366114980359693,13.662293533116285,6.650818276283263,2.20211951733718,6.88958475679461,4.849330368637334
spectral_contrast_band6_mean,13956,0,13956,0,11.900024110902919,40.59799689160261,26.93371203044999,6.275878078111803,28.4629389656224,39.3866456513243
spectral_contrast_band6_std,13956,0,13956,0,2.839410814801613,13.400981474267859,7.15512685248435,1.7877360112227314,7.321026737586906,3.1960000458225624
spectral_flatness_mean,13956,0,13956,0,5.8631163706213483e-05,0.2580434362402396,0.02510467117271655,0.022507322162582905,0.020780993028538034,0.0005065795509302956
spectral_flatness_median,13956,0,13955,0,4.2666634114674196e-11,0.17827819287776947,0.002881916431534404,0.005764658542258562,0.001554866787046194,3.32312881088346e-05
spectral_flatness_std,13956,0,13956,0,0.0004607920044453324,0.2778317330079183,0.05235263779808484,0.03884185310143314,0.04397475564261652,0.0015086895523533114
spectral_rolloff_mean,13956,0,10230,0,62.375498007968126,6800.049800796813,2875.982554091459,734.1291992269388,2866.160358565737,538945.6811575864
spectral_rolloff_median,13956,0,194,0,31.25,7375.0,2409.4117225566065,846.0903938374911,2406.25,715868.9545440808
spectral_rolloff_std,13956,0,13950,0,201.1956043396967,2911.2872931701118,1807.6991199187814,387.53166727310173,1863.1142628769267,150180.79313947
voiced_ratio,13956,0,133,0,0.00398406374501992,1.0,0.9588775879571424,0.06576943596381837,0.9840637450199203,0.004325618706998806
zcr_mean,13956,0,10654,12,0.0,0.5090964267928287,0.14342315294300728,0.05572267657148779,0.13738016683266932,0.0031050166842906345
zcr_median,13956,0,143,181,0.0,0.583984375,0.07808343521603611,0.03098676147089253,0.076171875,0.0009601793864539898
zcr_std,13956,0,13942,12,0.0,0.3387544435448362,0.15343941267260267,0.0613373993192038,0.1517892223931319,0.003762276555243463
